,Title,Views,Date
0,Live: Chatting Code Stuff & QnA,679 views,Streamed 1 day ago
1,The Biggest Mistake Beginners Make When Web Scraping,7.9K views,8 days ago
2,The Python Package I Wish I'd Learned Earlier,6.3K views,2 weeks ago
3,Rotate User Agents in Scrapy using custom Middleware,1.4K views,3 weeks ago
4,GO for Beginners - Web Scraping with Golang Tutorial,2.9K views,3 weeks ago
5,How I Scraped This HTML Table to a Python Dictionary,3.8K views,1 month ago
6,Python TYPE HINTS Explained with Examples,2.5K views,1 month ago
7,Use THIS Algorithm To Find KEYWORDS in Text - A Short Python Project,4.5K views,1 month ago
8,SQLModel is the Pydantic inspired Python ORM we’ve been waiting for,3.8K views,1 month ago
9,How to use Enumerate in Python to have a Counter in your loops,5K views,1 month ago
10,How to HIDE Your API Keys in Python Projects,7.3K views,2 months ago
11,How to Make 2500 HTTP Requests in 2 Seconds with Async & Await,5K views,2 months ago
12,Are You Still Using Excel? AUTOMATE it with PYTHON,10K views,2 months ago
13,How To Parse Data from HTML Tables Using Requests-HTML,3.6K views,3 months ago
14,THIS is the most common ERROR when learning Web Scraping,3.9K views,3 months ago
15,"Learn Web Scraping With Python: Full Project - HTML, Save to CSV, Pagination",10K views,3 months ago
16,Turn Websites into Real Time API's with ScrapyRT,4.5K views,4 months ago
17,HTTPX is the ASYNC Requests I was Looking For,6K views,4 months ago
18,Research Amazon Products by Extracting Review Data,4.1K views,4 months ago
19,"Web Scraping 101 - My (in)complete guide, methods, tools, how to",5.7K views,5 months ago
20,How to Scrape JavaScript Websites with Scrapy and Playwright,10K views,5 months ago
21,Web Scraping with Node js? Python Expert Opinion and demo,3.4K views,5 months ago
22,Automate Buying online using Playwright’s Codegen feature,4.8K views,5 months ago
23,Login and Scrape Data with Playwright and Python,17K views,5 months ago
24,Parse HTML with BeautifulSoup AND Scrapy,2.7K views,6 months ago
25,HIDING Data with JavaScript? Web Scraping Obfuscation,4.1K views,6 months ago
26,Following LINKS Automatically with Scrapy CrawlSpider,6.4K views,6 months ago
27,Web Scraping Weather Data with Python,14K views,6 months ago
28,How I Try My CODE and Test My SELECTORS in SCRAPY,1.8K views,6 months ago
29,How To Handle Errors & Exceptions with Requests and Python,3K views,7 months ago
30,A Short and SIMPLE HTML Web Scraper in 6 lines of CODE,1.9K views,7 months ago
31,Failed Requests? Try this RETRY Decorator for your Web Scraper,3.7K views,7 months ago
32,This SQLite Database Model is Easy and Ready for your Python Projects!,3.7K views,7 months ago
33,Create A Web Scraper Class in Python and requests-html,4.3K views,7 months ago
34,How To Add LOGGING to Your Python Projects for Beginners,3.9K views,8 months ago
35,Scraping Data from JavaScript rendered tables with Python,7K views,8 months ago
36,Scrapy to Database - SQLite3 Pipeline with Python,5.5K views,8 months ago
37,Python's BEST Web Scraping Framework - First Project,6K views,8 months ago
38,How to store data with Python and SQLite3,9.1K views,8 months ago
39,Hidden APIs with Scrapy - easy JSON data extraction,11K views,9 months ago
40,Using Inspect Element for Web Scraping? Watch THIS,2.1K views,9 months ago
41,Always Check for the Hidden API when Web Scraping,30K views,9 months ago
42,I Think Scrapy Is Easier Than BS4,11K views,9 months ago
43,5 Web Scraping Tips Every Beginner Should Know.,3K views,9 months ago
44,Automate Excel Work with Python and Pandas,25K views,10 months ago
45,Working With APIs in Python - Pagination and Data Extraction,19K views,10 months ago
46,How I Create Shopify Private Apps with Python,9.2K views,10 months ago
47,Create Your Own Scraper API with FastAPI and Python,7.5K views,11 months ago
48,Web Scraping with AIOHTTP and Python,8.8K views,11 months ago
49,Scrapy From one Script: ProcessCrawler,6.3K views,11 months ago
50,Web Scraping Project: Save Shopify Products to Database,4.7K views,1 year ago
51,Improve Your Web Scraping with these Tips,6.6K views,1 year ago
52,Scrape LIVE scores - No BeautifulSoup or Selenium NEEDED!,12K views,1 year ago
53,Spider Arguments with Scrapy & Python,3.5K views,1 year ago
54,Crawl and Follow links with SCRAPY - Web Scraping with Python Project,19K views,1 year ago
55,Slow Web Scraper? Try this with ASYNC and Requests-html,8.3K views,1 year ago
56,Python Web Scraping LIVE 4! QnA - Chat - Hangout,1.9K views,Streamed 1 year ago
57,"Python Web Scraping - Append to CSV, Cleaning Data, Requests HTML",4.3K views,1 year ago
58,Web Scraping with BeautifulSoup and CSS Selectors,3.9K views,1 year ago
59,Basic ASYNC Web Scraping Part2 - Grequests Example Python Project,2.5K views,1 year ago
60,Weekly Web Scraping Ep#2 - Amazon Product Reviews,3.2K views,1 year ago
61,All the LINKS! Scraping Sitemaps,5.8K views,1 year ago
62,"Weekly Web Scraping with Python: Product Pages, Pagination, Save to CSV",8.2K views,1 year ago
63,Async Requests Made Simple - Grequests for Web Scraping with Python,5.6K views,1 year ago
64,Argparse Basics - How I run my scripts via the Command Line,13K views,1 year ago
65,Scraping Google News the Easy Way with Python and pygooglenews,10K views,1 year ago
66,Check for THIS before Rendering that Javascript Site! Web Scraping with Chompjs,2.6K views,1 year ago
67,Want Faster HTTP Requests? Use A Session with Python!,16K views,1 year ago
68,Request Headers for Web Scraping,13K views,1 year ago
69,How to Scrape Amazon for ASINs with Requests-HTML,4.8K views,1 year ago
70,How To Scrape Woocommerce products with Python & requests-html,6.1K views,1 year ago
71,You Should Use CSS Selectors for Web Scraping.,6.1K views,1 year ago
72,Beautifulsoup vs Selenium vs Scrapy - Which tool for web scraping in 2021?,26K views,1 year ago
73,5 Things You Might Not Be Using in BeautifulSoup,5.9K views,1 year ago
74,Why I Code (NOT a DEVELOPER?),1.7K views,1 year ago
75,How I found the best Steam Deals this Winter - Web Scraping with Python,3.8K views,1 year ago
76,Live Coding - Web Scraping Project & Chat,1.6K views,Streamed 1 year ago
77,Scrapy Items and Itemloader - Beginner Scrapy Project,16K views,1 year ago
78,"Scrapy Splash for Beginners - Example, Settings and Shell Use",17K views,1 year ago
79,Scrapy for Beginners - A Complete How To Example Web Scraping Project,107K views,1 year ago
80,"EBAY Price Tracking with Python, Beautifulsoup and Requests",17K views,1 year ago
81,Scraping Amazon's best Black Friday DEALS with Python,7.7K views,1 year ago
82,"How I Scrape multiple pages on Amazon with Python, Requests & BeautifulSoup",32K views,1 year ago
83,Run Your Web Scraper Automatically Once a DAY,9.1K views,1 year ago
84,Sentiment Analysis With Python: Movie Quotes & TEXTBLOB,1.2K views,1 year ago
85,How To Install Python 3 and VS Code on Windows,1K views,1 year ago
86,How to Scrape Walmart product data with Python,9.3K views,1 year ago
87,Amazon Price Tracker using Python - Web Scrape from ASINs CSV and save results to Database,6.9K views,1 year ago
88,"How I Scrape Amazon Reviews using Python, Requests & BeautifulSoup",18K views,1 year ago
89,Scrape Javascript with SPLASH - how to install and get started with Splash,14K views,1 year ago
90,How to Scrape and Download ALL images from a webpage with Python,44K views,1 year ago
91,How to Scrape Stock Prices from Yahoo Finance with Python,21K views,1 year ago
92,Easiest SELENIUM Web Scraping for JavaScript Pages,12K views,1 year ago
93,How Web Scrape Multiple Pages with ONE Function with Python,24K views,1 year ago
94,Python Web Scraping LIVE 3! QnA - Chat - Live Code Examples,895 views,Streamed 1 year ago
95,How I save my Scraped Data to a Database with Python! Beginners sqlite3 tutorial,24K views,1 year ago
96,Scrape Amazon NEW METHOD with Python 2020,29K views,1 year ago
97,Scrapy Basics - How to Get Started with Python's Web Scraping Framework,14K views,1 year ago
98,How to Rotate Proxies with Python,55K views,1 year ago
99,Scrape HTML tables easily with Pandas and Python,21K views,1 year ago
100,How to Web Scrape Indeed with Python - Extract Job Information to CSV,35K views,1 year ago
101,PARALLEL and CONCURRENCY in Python for FAST Web Scraping,11K views,1 year ago
102,Build your own Yellow Pages web scraper with Python,5.8K views,1 year ago
103,Python Web Scraping Q&A 2! + Live Coding,674 views,Streamed 1 year ago
104,Google Sheets Database with Python Web Scraping,14K views,1 year ago
105,Python Web Scraping Q&A + Live Coding,718 views,Streamed 1 year ago
106,Python Web Scraping Q&A + Live Coding,502 views,1 year ago
107,Web Scraping NEWS Articles with Python,21K views,1 year ago
108,How to scrape SPORTS STATS websites with Python,29K views,1 year ago
109,How I always get the right table when web scraping with Python,1.4K views,1 year ago
110,IMPROVING this BeautifulSoup Blog Scraper,1.1K views,1 year ago
111,Scrape blog posts with Python,3.2K views,1 year ago
112,Rendering Dynamic Pages 2! - Web Scraping ALL products with Python,4.7K views,1 year ago
113,Render Dynamic Pages - Web Scraping Product Links with Python,22K views,1 year ago
114,A Better Web Scraper - 3 Steps Demo Python Web Scraping,2.2K views,1 year ago
115,How I Scrape Websites With Python In 3 STEPS,1.9K views,1 year ago
116,User Agent Switching - Python Web Scraping,21K views,1 year ago
117,"Trying OTHER Web Scraping Packages, Worth it?",1.1K views,1 year ago
118,Web scraping Shopify - easily download all products,9.7K views,1 year ago
119,Python Web Scraping: JSON in SCRIPT tags,21K views,1 year ago
120,Web Scraping with Python: Ecommerce Product Pages. In Depth including troubleshooting,69K views,1 year ago
121,Webscraping With Python: Pagination and HTML,12K views,1 year ago
122,Turn your web scraper into a web app with Python and Flask,10K views,2 years ago
123,Web Scraping with Python Guide,2K views,2 years ago
124,Always start your web scrapers with this- VENV And Python,1.3K views,2 years ago
125,HELIUM for simple DYNAMIC web scraping with Python,8.6K views,2 years ago
126,API Endpoints? Get data from the web easily with PYTHON,17K views,2 years ago
127,How I Scrape JAVASCRIPT websites with Python,34K views,2 years ago
128,JMESPATH in PYTHON - JSON query language,3.2K views,2 years ago
129,Easy SOCIAL IMAGES with Python PIL,718 views,2 years ago
130,QUICK PYTHON for Beginners - My MOST used,458 views,2 years ago
131,Easy Databases in PYTON - Web Scraping Example,559 views,2 years ago
132,Easy Databases in PYTHON with Dataset,1.2K views,2 years ago
133,How to SCRAPE DYNAMIC websites with Selenium,76K views,2 years ago
134,How I use SELENIUM to AUTOMATE the Web with PYTHON. Pt1,37K views,2 years ago
135,HOW TO: JSON and APIs in PYTHON - A Beginners Look,10K views,2 years ago
136,How I WEBSCRAPE Websites with LOGINS - Python Tutorial,30K views,2 years ago
137,Python Functions: Basics - how to add user defined functions to you code,1.1K views,2 years ago
138,Automate Sales Reports with Pandas and Python,897 views,2 years ago
139,Python CSV files - with PANDAS,20K views,2 years ago
140,How to Use Python Dictionaries + Lists of Dicts,3.8K views,2 years ago
141,Find the best prices for stuff with Python web scraping,1.7K views,2 years ago
142,Python Web scraping - Script to CSV or Excel,9.7K views,2 years ago
143,Web Scraping: HTML Tables with Python,46K views,2 years ago
144,5 Tips for Learning PYTHON,657 views,2 years ago
145,Indexing and Slicing Python Lists for Beginners,755 views,2 years ago
146,Basic Webscraper : Get info from the web with Python,3.6K views,2 years ago
147,Simple Python Projects | short projects for beginners,1.7K views,2 years ago
